<?xml version="1.0" encoding="UTF-8"?>
<config date="1644371417835" transient="false">
	<site updateable="true" url="platform:/base/" enabled="true" policy="USER-EXCLUDE">
		<feature id="de.persosim.editor.rcp.feature" version="0.18.3.20220209" url="features/de.persosim.editor.rcp.feature_0.18.3.20220209/">
		</feature>
		<feature id="org.eclipse.emf.common" version="2.14.0.v20180527-1134" url="features/org.eclipse.emf.common_2.14.0.v20180527-1134/">
		</feature>
		<feature id="org.eclipse.e4.rcp" version="1.6.100.v20180611-0422" url="features/org.eclipse.e4.rcp_1.6.100.v20180611-0422/">
		</feature>
		<feature id="org.eclipse.emf.ecore" version="2.14.0.v20180529-1144" url="features/org.eclipse.emf.ecore_2.14.0.v20180529-1144/">
		</feature>
	</site>
</config>
